key,fare_amount,pickup_datetime,pickup_longitude,pickup_latitude,dropoff_longitude,dropoff_latitude,passenger_count
fake_key,6.496531260024527,2011-11-28 23:11:35 UTC,-73.81995466487507,40.700960071325895,-73.91286973034508,40.79312103120816,1
fake_key,20.23904159583555,2011-11-26 04:11:38 UTC,-73.95803226161537,40.73010525335665,-74.19274810625643,40.78035586873497,1
fake_key,31.011512323432612,2013-10-29 18:10:03 UTC,-73.9078158068921,40.71429874873807,-74.05733149350749,40.70950168347917,2
fake_key,11.848356731647677,2013-04-11 05:04:12 UTC,-74.19749268708678,40.74003243622393,-74.19987226414642,40.7477466543982,1
fake_key,47.42082255176457,2013-06-10 09:06:03 UTC,-73.966920850516,40.74924567017424,-74.04259111027878,40.773151308499365,1
fake_key,22.514772273030154,2012-02-29 03:02:11 UTC,-74.13958636931878,40.77874535652617,-73.85969231495605,40.74066758827278,4
fake_key,13.894978667463379,2011-11-28 01:11:00 UTC,-73.8514744289461,40.755399971265035,-73.94578420385884,40.76432926618469,1
fake_key,19.40802148115363,2010-07-26 22:07:17 UTC,-73.80862499889258,40.723643479779014,-73.89796663865727,40.711443020360996,1
fake_key,35.649462393615885,2011-02-06 20:02:02 UTC,-74.0108472018388,40.727479096315314,-74.16249479378979,40.7853655428719,4
fake_key,8.586644810771725,2013-06-10 10:06:26 UTC,-73.9936521470737,40.709298396842,-74.01006825108428,40.79881977043127,2
fake_key,41.70520073545122,2011-11-01 21:11:48 UTC,-73.81374417454904,40.7078611776088,-74.19005919148883,40.71159874062916,4
fake_key,5.414850200487072,2012-04-03 22:04:34 UTC,-73.9390284478777,40.71838272309731,-74.19160829505905,40.738351509343964,2
fake_key,27.153039078069895,2010-09-09 07:09:15 UTC,-74.17834091101264,40.77323753648647,-74.16669544340921,40.755557022015225,2
fake_key,20.21097511719766,2010-08-29 13:08:40 UTC,-73.93171695827412,40.79506611429844,-73.96528066983025,40.787613650239706,4
fake_key,48.99505550466918,2010-10-12 19:10:43 UTC,-73.86604925580535,40.77955968950215,-74.03096717242815,40.78404505493895,3
fake_key,11.397116190071117,2014-09-17 21:09:40 UTC,-73.97710009077542,40.75127813706585,-73.96142977279764,40.74673943194577,2
fake_key,49.704078906371905,2010-10-05 03:10:57 UTC,-73.86538747770314,40.7478617949924,-73.82233904923493,40.72001197305224,4
fake_key,13.061433473259372,2010-10-21 00:10:32 UTC,-73.87630465362288,40.71406967365631,-73.835221918848,40.72292058157835,4
fake_key,47.243902539901924,2011-11-01 23:11:27 UTC,-74.12795898569158,40.75346376743064,-73.92684611084849,40.793790166044374,4
fake_key,6.599120211629757,2013-03-21 22:03:18 UTC,-73.95455927560234,40.736660114415116,-74.1422905135129,40.76162278540766,2
fake_key,32.82713376300232,2014-01-19 21:01:48 UTC,-74.01191110393506,40.73859686211436,-73.80682958611763,40.79546302076155,3
fake_key,7.887769727378233,2012-12-14 05:12:21 UTC,-74.05587549740982,40.76402496023594,-73.98300231779942,40.77337527843084,3
fake_key,25.86228333803116,2012-04-08 23:04:41 UTC,-74.01780264081968,40.73168116047544,-74.1946513168126,40.73785348003967,2
fake_key,36.0465347351498,2010-01-01 11:01:34 UTC,-74.10231735351975,40.78756650508547,-74.0420438394967,40.767664873988,3
fake_key,28.593348075314452,2011-03-17 18:03:34 UTC,-74.11227759041766,40.79781375273648,-74.03641622326063,40.74079615896395,2
fake_key,30.61663751993653,2012-07-04 07:07:30 UTC,-74.12961662993854,40.76908207769147,-73.94164815699322,40.791427103626894,2
fake_key,21.844460451819188,2013-03-10 20:03:41 UTC,-74.15702279789305,40.75079014889649,-73.84290595954643,40.726962928735766,1
fake_key,27.41661536649156,2012-07-13 06:07:09 UTC,-74.01005176206678,40.75726386011929,-73.87109818697313,40.77830396551184,1
fake_key,41.22834383852256,2011-04-18 07:04:34 UTC,-73.98781827618578,40.70160479635744,-73.81494851317812,40.77147166615198,1
fake_key,14.859459125813125,2013-09-01 12:09:39 UTC,-73.91337722392431,40.77346100330186,-74.09141909646085,40.743836429054596,3
fake_key,5.890575951192718,2014-07-10 08:07:54 UTC,-73.88981954092206,40.70578769710195,-74.15667655427646,40.73060988259171,2
fake_key,37.460363887151665,2014-07-08 06:07:40 UTC,-74.02476701607583,40.70904806582347,-73.85152281114156,40.78606211627445,2
fake_key,19.6995343698081,2010-11-05 18:11:18 UTC,-73.8414348564603,40.79008784348136,-74.13863527918411,40.72380594532726,4
fake_key,48.82474938733119,2013-11-08 13:11:16 UTC,-73.94640846666816,40.744259039444934,-73.91893045593419,40.72580479820735,4
fake_key,6.799557300367524,2012-07-01 17:07:26 UTC,-73.82144271286784,40.71468603557801,-73.81582625612596,40.72272586818272,3
fake_key,10.862480440946545,2011-12-27 10:12:14 UTC,-74.13760650813208,40.79736371145793,-73.80042998682366,40.768412597726886,3
fake_key,5.428553754787485,2010-11-20 21:11:45 UTC,-74.02196333518123,40.71974660996841,-74.19536616849216,40.79285795138335,1
fake_key,20.28305269221233,2014-10-09 04:10:46 UTC,-74.022691551641,40.71100823844502,-74.16193950860384,40.783053288799174,1
fake_key,48.571980338986485,2014-04-14 15:04:51 UTC,-73.90882385856474,40.79363711015737,-74.10483092547102,40.7731224442139,1
fake_key,4.603275033504172,2011-09-15 14:09:48 UTC,-74.16774038189791,40.79788700818467,-74.19927287950746,40.75634253114948,4
fake_key,42.783013354896376,2011-07-28 20:07:05 UTC,-74.03439048094981,40.73664207275895,-73.95632828007068,40.74294343340503,2
fake_key,17.91431935596634,2012-09-19 08:09:08 UTC,-74.10552268043139,40.77023060747975,-74.1249379191568,40.731561628495434,3
fake_key,30.52444623624167,2010-04-09 17:04:56 UTC,-73.80815322212375,40.792239453194206,-73.86208581156772,40.734213399030956,4
fake_key,39.95031522211849,2010-03-24 06:03:00 UTC,-73.99094377631734,40.79950481720409,-74.09097778628598,40.700426504575425,4
fake_key,20.614057911728217,2010-10-18 01:10:14 UTC,-74.02519228797851,40.75394031472978,-74.18125244640625,40.71984490170049,4
fake_key,33.67814630392934,2014-12-19 08:12:24 UTC,-74.02190384422408,40.73948536447975,-74.06125273706554,40.76879895333801,3
fake_key,10.112568263873966,2010-11-02 15:11:27 UTC,-74.14403538728136,40.7731487477109,-73.91041129092525,40.78144617692033,2
fake_key,25.821232121370087,2012-06-09 12:06:33 UTC,-73.92016122006167,40.78011172401491,-74.12920957676802,40.77522144840674,3
fake_key,27.382029390255653,2011-06-02 00:06:48 UTC,-73.85786248822085,40.73754800874384,-74.02225964117062,40.76422880014583,3
fake_key,10.503520512589294,2013-11-04 10:11:58 UTC,-73.89037056447505,40.70446386908377,-74.03050040666216,40.73554217998915,1
fake_key,10.64600295751801,2010-02-18 12:02:15 UTC,-73.85159869845616,40.79184950183569,-73.81156894592087,40.70370909598485,3
fake_key,19.22870820437676,2012-09-03 20:09:35 UTC,-74.18572922030707,40.70776906648937,-74.07579867945886,40.76281653466403,3
fake_key,39.55419562716946,2010-04-01 07:04:28 UTC,-74.18643622595509,40.782475257820735,-74.1728951115084,40.75149685361382,4
fake_key,19.973551939666436,2010-12-15 17:12:45 UTC,-74.17509943119302,40.78363571113345,-74.191101469514,40.701397660641426,2
fake_key,13.082357400427975,2013-08-23 05:08:39 UTC,-74.06453679376098,40.70906954375945,-74.07866658521188,40.71703599894889,1
fake_key,31.406705904062598,2010-01-10 14:01:56 UTC,-73.92081635257817,40.72888650505137,-74.01783215667943,40.713926065965715,1
fake_key,49.84630426286702,2013-07-21 01:07:19 UTC,-74.11307172146117,40.74197965146947,-73.91627678605732,40.709374297523794,1
fake_key,32.63206887150965,2011-02-16 04:02:41 UTC,-74.04044899145035,40.708239336399714,-73.8033720353067,40.710431521246576,3
fake_key,30.612947240348277,2010-05-04 21:05:56 UTC,-73.8862692103739,40.74810850794421,-74.16812600459545,40.72321653394301,3
fake_key,17.04623736745304,2010-01-21 08:01:00 UTC,-74.01399812560618,40.715906299735245,-73.90072787071426,40.71203379090652,1
fake_key,43.09434131489736,2014-08-19 08:08:21 UTC,-73.83928788871268,40.79420104002486,-74.18861564304342,40.746935058946285,4
fake_key,23.876690758465834,2013-05-27 13:05:14 UTC,-74.0930449227397,40.74555441414455,-74.13910717529141,40.71680349779152,1
fake_key,30.501565975404606,2011-12-30 09:12:31 UTC,-73.96738847321618,40.7832807489349,-73.8152905967423,40.790539936196765,2
fake_key,49.16457873044142,2010-05-12 22:05:32 UTC,-73.8412504430507,40.788151760355255,-74.06084294887363,40.7732177434012,4
fake_key,17.33029179735844,2010-04-20 12:04:15 UTC,-74.1809520306466,40.74386484111558,-73.9794696553866,40.72412013859836,2
fake_key,35.23966086869279,2011-04-21 23:04:32 UTC,-74.10278727635716,40.76489122473034,-74.18927391155853,40.7747793996724,4
fake_key,32.07024896224506,2014-05-06 21:05:40 UTC,-74.00971149197024,40.751300512289056,-73.98281399153664,40.78911857789994,4
fake_key,48.44273341922391,2010-02-04 22:02:14 UTC,-73.95322023913349,40.782312160832404,-73.83521353933786,40.76992312369906,2
fake_key,46.71721793076408,2011-05-16 09:05:50 UTC,-74.0126035696916,40.765738389428854,-73.94844385105347,40.72919213251369,3
fake_key,20.413859588254542,2014-03-01 04:03:27 UTC,-73.92278149347175,40.747584387812445,-73.98919911425564,40.772106924488966,4
fake_key,34.83492355661419,2012-05-30 07:05:06 UTC,-74.16766025704855,40.718827554556604,-73.9961566233597,40.76683218216519,1
fake_key,12.600888889967496,2011-10-11 16:10:45 UTC,-73.96463608579107,40.73116374616645,-73.99993861715869,40.75571298995301,3
fake_key,18.651081040276217,2011-02-09 06:02:12 UTC,-74.11711216088294,40.7708441936209,-73.86194298609236,40.723866876740466,4
fake_key,32.39160940485684,2012-07-24 13:07:05 UTC,-74.10157498843418,40.725128134489715,-74.1724766947542,40.76955410650831,4
fake_key,26.35692789887162,2010-01-30 00:01:36 UTC,-74.16270373049667,40.776068224423014,-74.16011144691792,40.76759762015133,2
fake_key,37.25413634928322,2014-06-20 14:06:46 UTC,-73.90110403960475,40.72907785432286,-73.97596756835675,40.713735277901876,1
fake_key,30.477067130791248,2014-01-08 18:01:23 UTC,-73.9601201625794,40.79182232223432,-74.09826055037574,40.77791663842862,1
fake_key,26.247662609887712,2013-05-27 12:05:44 UTC,-73.99872838434766,40.790927904012854,-74.00513391738158,40.73342533306901,3
fake_key,44.14909534434123,2010-01-15 15:01:05 UTC,-74.07650367310971,40.7880497797767,-73.95587284609458,40.755564323133726,2
fake_key,7.722841670720195,2012-03-13 12:03:11 UTC,-74.10943746694072,40.73207926364349,-74.06220398719843,40.717797646704845,4
fake_key,27.43314374141988,2010-11-20 14:11:07 UTC,-73.83502674103826,40.75973322721813,-73.96234829033584,40.74857524501794,1
fake_key,20.537640890815403,2013-01-02 17:01:44 UTC,-73.92266601958505,40.79610737750725,-74.13463234509197,40.72287412532287,3
fake_key,14.671518243655685,2010-12-03 02:12:54 UTC,-73.85383709630729,40.75078335838588,-73.91296971479034,40.77795470667886,4
fake_key,22.516370923090875,2010-08-13 18:08:17 UTC,-74.01394228282423,40.76806416928095,-73.97601183266674,40.786675794585626,1
fake_key,46.29330915732632,2011-12-10 11:12:17 UTC,-73.99375024085255,40.747093241410184,-73.8297572749939,40.73657842199264,1
fake_key,38.28564868338215,2010-07-12 03:07:06 UTC,-74.13986114440765,40.793957701000004,-74.07437746074824,40.73261319342792,1
fake_key,46.493734931406216,2012-11-19 01:11:58 UTC,-73.88983948025472,40.72651793664662,-74.03211364933898,40.7989122239212,1
fake_key,37.170992767549876,2014-05-16 02:05:09 UTC,-73.93878484883825,40.72944337534032,-74.14986664578996,40.70538872619428,4
fake_key,13.245318689150874,2011-03-18 04:03:46 UTC,-73.92798102987376,40.789168805618594,-73.95815775489822,40.767693971973415,2
fake_key,25.535351617191672,2012-12-01 12:12:30 UTC,-74.18107967978811,40.71504550971772,-74.13768452022627,40.74142815404416,3
fake_key,30.35933273450128,2012-02-05 10:02:28 UTC,-74.02367198685184,40.7249823230221,-74.12869971067964,40.78789961553242,3
fake_key,7.798269553655783,2012-07-08 18:07:04 UTC,-73.91994475338487,40.72647079402655,-74.10718942712082,40.701296644987856,2
fake_key,49.03232653961846,2010-11-15 20:11:59 UTC,-74.00896777282018,40.7402431351267,-74.12137535581184,40.790509831643526,2
fake_key,24.328982000620464,2013-09-07 07:09:37 UTC,-74.12926061561329,40.72087331110888,-73.9125821386866,40.763328068574445,2
fake_key,20.349089215138118,2012-08-22 09:08:56 UTC,-74.03356400385763,40.75274970503959,-74.0336100497331,40.71057605623313,3
fake_key,21.71946470657552,2013-02-07 07:02:06 UTC,-74.18033041699516,40.79349191815262,-74.08639461497094,40.75622947906731,4
fake_key,19.68022793258181,2010-11-30 05:11:11 UTC,-74.02175730035506,40.71280215524722,-74.19495800756957,40.75935660578098,2
fake_key,45.83501602841171,2010-02-12 20:02:08 UTC,-73.80457637020857,40.793624788903394,-73.81330188016018,40.75336036494522,2
fake_key,18.380839225602614,2011-11-09 18:11:25 UTC,-74.00292484906845,40.71956848084672,-73.97138001134347,40.75723425219658,3
fake_key,8.217592933942486,2014-12-10 11:12:51 UTC,-74.04115295962342,40.724835833918284,-73.97003875448218,40.78604190669843,2
fake_key,29.750815276852403,2011-06-22 13:06:16 UTC,-73.86819953748389,40.78936673594027,-74.14899516163216,40.73522799381682,3
fake_key,25.40391053714456,2010-11-20 22:11:56 UTC,-73.80508861263083,40.72333846967533,-74.11768107552497,40.72649911595841,2
fake_key,19.971439402725895,2011-04-24 22:04:24 UTC,-74.10446642459019,40.7564829667881,-73.8167404423542,40.74985242803011,4
fake_key,49.973427499045975,2010-02-16 18:02:25 UTC,-73.89799290577035,40.768875398937126,-73.91909668856638,40.73039609898374,3
fake_key,27.40189468526229,2014-12-02 14:12:55 UTC,-73.94332904640218,40.7594590968499,-74.10961252147459,40.79647043817336,1
fake_key,49.47241997577399,2011-03-28 14:03:44 UTC,-74.09916315050612,40.79329795516686,-73.82653200490304,40.76746404429315,4
fake_key,25.803880235373935,2013-03-30 09:03:06 UTC,-74.10844385001941,40.74213327337171,-73.85572638181887,40.78968201156432,3
fake_key,30.86246630021418,2012-08-09 13:08:27 UTC,-73.97741265214107,40.73837746045284,-74.07598180267692,40.70459699640263,1
fake_key,31.25218771933366,2013-12-25 02:12:51 UTC,-73.94337730230816,40.757069213551546,-73.80080055721464,40.70449373573892,2
fake_key,6.048586949269172,2011-03-21 16:03:56 UTC,-73.87262240436615,40.77774353157328,-73.81433384997054,40.71186220891257,1
fake_key,7.545545393774222,2010-12-29 08:12:29 UTC,-73.84888218826674,40.79320158349734,-73.84661330261095,40.79618767475297,1
fake_key,26.212461259865737,2011-04-29 06:04:58 UTC,-74.17535384401587,40.75022840221547,-74.08965082876122,40.70765390050745,4
fake_key,17.989708589985202,2011-04-07 07:04:57 UTC,-74.1267390879243,40.75134312739214,-74.1121091360198,40.72263553323604,3
fake_key,8.9302811561735,2014-10-15 08:10:29 UTC,-73.83377822408568,40.71822612291774,-73.8009562830423,40.79718840519285,2
fake_key,26.414735756437054,2011-01-08 23:01:07 UTC,-73.95599144050686,40.760464396312564,-74.1699113782133,40.746665101100206,3
fake_key,49.58258067298921,2010-05-21 01:05:18 UTC,-74.07475804365532,40.79814916597107,-74.10670986828791,40.73075525246365,2
fake_key,13.387084333500264,2014-06-11 21:06:17 UTC,-73.87072730469235,40.71113992598682,-74.05780604626554,40.73297685905786,1
fake_key,28.144821300309825,2012-02-15 23:02:37 UTC,-74.13228073129926,40.71235525486958,-74.02273569359183,40.79543622077594,3
fake_key,30.32706985975112,2010-04-13 09:04:53 UTC,-73.98552561213883,40.774179978001364,-74.06936363771302,40.752754045655536,1
fake_key,36.82892366102929,2010-03-18 08:03:19 UTC,-74.01432036350299,40.74590870749435,-74.17332722634556,40.781877227113924,3
fake_key,25.47347067551591,2013-02-23 02:02:42 UTC,-73.866035375784,40.736184416160945,-73.8268726463369,40.72418381587524,1
fake_key,13.219546328760886,2013-03-30 15:03:13 UTC,-74.19642748730607,40.748776086844956,-74.16731619454006,40.70648128707206,2
fake_key,8.66508452282234,2013-07-19 08:07:54 UTC,-73.88445103461405,40.71260399010972,-73.83786871099888,40.744492899154594,3
fake_key,28.850983644089066,2010-12-16 23:12:07 UTC,-73.95034989440202,40.75508459969873,-74.00029183805495,40.70430685886323,3
fake_key,33.25991627505307,2010-08-25 18:08:28 UTC,-74.1888340353727,40.7994283029897,-74.18972287959856,40.72439451493299,2
fake_key,35.94963782951332,2012-07-10 19:07:02 UTC,-73.83037071436443,40.706204383450874,-73.85994550502497,40.732673510826835,1
fake_key,38.89461863375316,2012-06-25 15:06:03 UTC,-74.16210344787622,40.74584455021011,-73.98551225148407,40.74944043820017,4
fake_key,11.850005037898214,2012-08-23 01:08:11 UTC,-74.07781971501204,40.74448406372676,-73.8846380454813,40.71912492464365,4
fake_key,49.085394205951914,2012-08-28 22:08:00 UTC,-73.90760226338989,40.71873810521641,-73.83112776916563,40.79030501230506,2
fake_key,43.99920807826641,2012-06-17 07:06:10 UTC,-74.13159449568712,40.708844775551924,-74.0768236465551,40.73616734468076,4
fake_key,40.88794810000092,2010-07-28 16:07:33 UTC,-73.9947120994385,40.755800502078245,-73.80537512773873,40.7714433427348,1
fake_key,15.098195770704685,2010-04-07 14:04:45 UTC,-74.01170666602577,40.732675867561476,-74.0555095825294,40.78626984081974,1
fake_key,41.06204524801564,2010-03-22 06:03:13 UTC,-73.96453234522588,40.72499855037498,-73.92679035924037,40.792289495986786,2
fake_key,34.87938702095819,2010-03-10 22:03:08 UTC,-73.95847065403409,40.7235528250193,-73.92945433480942,40.735804145233516,1
fake_key,29.632888664876276,2014-12-03 08:12:07 UTC,-74.11967143171752,40.74347701837856,-74.06624201555479,40.74204181807796,2
fake_key,8.423651945101849,2014-10-07 15:10:09 UTC,-74.01745919698585,40.70061359459838,-74.05860755606206,40.77251711000294,1
fake_key,47.535786160563994,2010-07-20 05:07:03 UTC,-73.92781761320002,40.720289392257065,-73.96465503477437,40.748400765864524,1
fake_key,32.02906238019568,2013-07-20 07:07:18 UTC,-74.15969113786964,40.7345115880212,-73.90766581673776,40.7131836912198,4
fake_key,9.013891204095724,2012-10-25 22:10:24 UTC,-73.95910591062902,40.775553673111965,-73.90366239254334,40.73841345542289,3
fake_key,24.280618860204196,2013-06-23 21:06:00 UTC,-74.09059562456274,40.75724723220982,-74.07424882773363,40.7609888359259,2
fake_key,33.58953126283767,2014-07-30 23:07:28 UTC,-74.07873629332727,40.79048365811366,-74.17939477479725,40.79219147801371,1
fake_key,44.29190636176861,2011-06-12 20:06:56 UTC,-74.19222436868465,40.727544799200174,-74.06716387338177,40.73439316301345,1
fake_key,31.524516502882758,2012-03-28 01:03:11 UTC,-73.91728014764924,40.729590271414196,-74.04516026810549,40.7814399231,4
fake_key,45.21077323653521,2012-02-25 18:02:00 UTC,-73.80719840636377,40.772120059065756,-74.07646388406366,40.79232740101214,3
fake_key,16.355128932228347,2014-12-05 22:12:31 UTC,-73.89733649288013,40.731964036428415,-73.96673387097195,40.79835411970232,1
fake_key,12.947391342936262,2014-12-28 00:12:11 UTC,-73.98111034297855,40.724362052771106,-73.89874701927077,40.77864863122627,4
fake_key,11.803018134601384,2012-01-15 09:01:42 UTC,-74.12063760763026,40.79226995271362,-74.07191865361573,40.716249727149076,3
fake_key,31.343546584879473,2012-07-26 03:07:37 UTC,-73.89190379347461,40.77954183980228,-74.14997558784373,40.73225831544187,3
fake_key,15.756526411240811,2011-05-18 05:05:21 UTC,-73.86579225041244,40.73264510294403,-74.10714696326998,40.73904406396229,4
fake_key,22.326437730088553,2013-10-29 10:10:35 UTC,-73.8325124961634,40.7387626844458,-73.962777914328,40.75555507929724,1
fake_key,43.55094128596875,2010-10-15 03:10:03 UTC,-74.17544962024317,40.77907682763323,-73.95126372644009,40.76625947135541,2
fake_key,38.21652695549893,2013-02-23 09:02:20 UTC,-74.19717671606548,40.70377437101977,-74.12446259129207,40.769179498153086,2
fake_key,21.486978921632872,2013-01-05 02:01:09 UTC,-73.92508575106788,40.71441314444323,-74.08183731291044,40.76725329755182,3
fake_key,46.20299474910891,2011-01-03 00:01:13 UTC,-74.01052927945574,40.716611409161274,-74.03922777910839,40.777417652188966,1
fake_key,34.85604129981848,2013-02-02 05:02:45 UTC,-74.06404388787061,40.749226433939384,-73.97173308652292,40.782260988305964,3
fake_key,9.806969812148331,2012-03-13 06:03:54 UTC,-74.01131098422883,40.71479320385696,-74.13352623550846,40.7825513313608,1
fake_key,16.57784158175608,2012-08-14 14:08:05 UTC,-74.19787002732062,40.776344973113794,-73.84742049649961,40.72612298805534,2
fake_key,24.821322929005092,2010-11-30 03:11:40 UTC,-74.19213523398551,40.763945055932794,-74.1759246213248,40.77983476033754,1
fake_key,43.88491822474699,2013-09-10 23:09:33 UTC,-74.17442652083578,40.72311626600873,-74.08684952754454,40.70382834987859,2
fake_key,40.63867488305457,2011-04-16 06:04:41 UTC,-73.96770854530536,40.7150333610468,-74.07954023276552,40.77485304323503,4
fake_key,5.834473058724631,2014-08-24 22:08:46 UTC,-73.82089825017859,40.70937585471724,-74.02420396805346,40.70428005617356,1
fake_key,46.72199841546657,2013-04-04 07:04:27 UTC,-73.87992653570701,40.78337535423657,-74.11965449104089,40.70407383687127,1
fake_key,5.161114559926964,2014-11-05 07:11:30 UTC,-74.13420774243777,40.799937211224254,-73.85154599619366,40.778369857449945,3
fake_key,21.777467410408796,2013-04-12 17:04:49 UTC,-73.9786012952725,40.77567109901446,-74.05814072058293,40.792702353353945,1
fake_key,40.48535943117406,2012-10-02 19:10:42 UTC,-74.06215937811322,40.79116481654754,-73.84300437182134,40.70459052633762,4
fake_key,5.197422417612437,2012-10-23 14:10:51 UTC,-74.07055977073911,40.751925184303786,-74.14039703817953,40.750958424691085,4
fake_key,26.129053486722626,2012-09-18 03:09:11 UTC,-74.05522548648648,40.77317533126999,-74.02237248741686,40.741584189614976,1
fake_key,6.884204513775497,2014-12-04 09:12:29 UTC,-73.98088448228152,40.74713478966801,-74.01061373815614,40.74504480627989,1
fake_key,5.117936764758628,2010-08-07 00:08:08 UTC,-74.02057679194343,40.799865793797046,-74.13998329914357,40.71013738826064,4
fake_key,28.817287760354443,2010-12-17 08:12:29 UTC,-73.94092199186953,40.78507378035816,-74.09869573684797,40.71449045517914,3
fake_key,16.972921173653575,2010-01-29 05:01:29 UTC,-73.94906677624375,40.72367364216935,-73.8746356796748,40.70906804059134,4
fake_key,3.36632685579539,2012-02-17 14:02:38 UTC,-74.19606700951896,40.79734748978773,-74.03247392356991,40.77028074810522,2
fake_key,12.6983658787484,2013-01-22 08:01:33 UTC,-73.94163617538702,40.70643162171312,-74.05650067038206,40.78242684102859,1
fake_key,24.30604798012018,2012-07-05 21:07:55 UTC,-74.15918794467551,40.78420659155959,-73.81379680722792,40.77926314945258,1
fake_key,20.436109200490147,2010-09-01 17:09:35 UTC,-74.11070531575105,40.77489892538872,-74.13414506147957,40.7802360198055,4
fake_key,45.153704837279456,2012-01-31 16:01:53 UTC,-74.18554404813929,40.77799941328323,-73.85421273008535,40.722676607695426,4
fake_key,40.028295281589884,2012-07-22 20:07:17 UTC,-73.93953177046939,40.735930182293636,-74.01288691329113,40.758849760175,1
fake_key,10.197168809833844,2011-04-16 19:04:10 UTC,-73.87644478674525,40.78014657473789,-73.97290494664261,40.75623883113013,4
fake_key,7.215364747895752,2013-04-26 11:04:06 UTC,-74.02589819541005,40.753317651307654,-73.9355373149232,40.765180072406,4
fake_key,37.259065236355916,2012-11-04 17:11:18 UTC,-73.99781851297887,40.74159159736033,-74.10429464314767,40.76743206535392,2
fake_key,38.53345211968249,2011-01-29 08:01:12 UTC,-74.14145829599664,40.751217465310745,-73.82131103580618,40.79548370179604,1
fake_key,32.49273733808299,2014-08-25 13:08:14 UTC,-73.89112672938745,40.78493079425627,-74.19406832594109,40.73726974706968,1
fake_key,27.28540565497509,2012-11-13 01:11:01 UTC,-73.85895863813852,40.777841888307286,-73.98211097393961,40.72460810094698,3
fake_key,24.300912609304586,2014-01-20 16:01:10 UTC,-73.9119268178598,40.7184502215386,-74.02083211922378,40.73252518848894,1
fake_key,11.609818163776888,2014-02-17 23:02:00 UTC,-74.0617447384843,40.79848103970473,-74.16280641520873,40.70546540907236,1
fake_key,47.92730876992778,2010-11-25 18:11:24 UTC,-74.15315068924835,40.72246318811168,-74.12006438455747,40.707088065231616,1
fake_key,41.11130721795726,2014-09-09 10:09:36 UTC,-73.93532879688867,40.744017150855335,-73.92468934450736,40.702766207820865,4
fake_key,45.91259993935579,2010-09-12 20:09:15 UTC,-74.05569111282087,40.78432154737008,-73.8057110919136,40.7004291744584,3
fake_key,40.05602271948406,2010-08-26 00:08:38 UTC,-74.13734912067842,40.704361910008686,-73.93734487714934,40.74021228215394,1
fake_key,12.699519079306466,2013-06-07 04:06:17 UTC,-73.98171334632649,40.713235430472,-73.92795526780931,40.78462732168262,2
fake_key,19.45343920051668,2011-03-06 13:03:20 UTC,-74.18462775737339,40.75293183437261,-74.01900342340005,40.733927791759,1
fake_key,47.81794236872988,2011-10-24 18:10:35 UTC,-73.94311832208994,40.76278584624683,-73.85885564092494,40.73623836802982,3
fake_key,7.248507414617932,2013-06-29 22:06:45 UTC,-74.02205338444067,40.7981841514057,-74.04910109507769,40.71645338229822,1
fake_key,25.60987662968591,2010-03-24 14:03:42 UTC,-73.99001484640782,40.70571251515397,-74.01293335820021,40.765943396821356,2
fake_key,13.282576027389645,2013-04-29 01:04:17 UTC,-73.95449496357145,40.7738909192129,-74.01222965036992,40.77907089256636,3
fake_key,36.094101232891404,2010-09-18 00:09:40 UTC,-74.0943105359954,40.736457817921384,-73.91292283619988,40.76202481746541,3
fake_key,46.95713264149512,2014-06-05 23:06:04 UTC,-74.10807510872196,40.79414789067264,-73.86984379435324,40.72792134484998,2
fake_key,12.65975969849794,2012-12-20 11:12:13 UTC,-73.90120148279291,40.784180958164356,-73.92166000493047,40.73480129834182,4
fake_key,30.54335929823917,2012-11-15 11:11:40 UTC,-73.99586683119692,40.76845329301332,-73.81883164793678,40.71608883034353,1
fake_key,7.199976006940042,2014-11-23 02:11:58 UTC,-74.03171492610527,40.70698057645506,-73.92960028640535,40.78339374524647,2
fake_key,23.701873470588723,2012-02-08 03:02:28 UTC,-73.92508843173961,40.76165055653431,-74.04402614522903,40.77749919628234,2
fake_key,9.626610496468128,2014-12-02 05:12:15 UTC,-73.84730707236878,40.72742381872451,-73.97737534537292,40.739284663884796,2
fake_key,28.38969997947918,2011-08-06 22:08:52 UTC,-74.04415875641881,40.749911678859014,-73.86933044490394,40.79816646725788,3
fake_key,6.978471919080001,2011-08-08 02:08:04 UTC,-73.80054894681302,40.74615628400146,-74.0554838136873,40.721199248894976,2
fake_key,10.002846034836544,2010-02-10 20:02:49 UTC,-73.99513733117324,40.713307084436344,-74.02195795203511,40.71616493988321,2
fake_key,10.126760921811819,2013-08-08 01:08:55 UTC,-73.81761991896965,40.74550480923795,-73.89117735829366,40.771010175496144,2
fake_key,31.59428466072928,2014-07-06 18:07:27 UTC,-73.84115641722752,40.71153671653682,-73.96704607508588,40.79107686679162,2
fake_key,34.05629030647073,2011-05-21 23:05:49 UTC,-74.09433209185394,40.769889221510724,-74.090285723379,40.71516673384214,1
fake_key,4.992840734725852,2011-05-06 03:05:39 UTC,-74.14968582544155,40.7787270307448,-74.10932171294897,40.76988238954812,3
fake_key,34.89610449974367,2011-09-14 16:09:19 UTC,-74.14231976024925,40.722514765055855,-74.07282765120343,40.78328328693959,1
fake_key,18.482453704189442,2012-06-10 02:06:43 UTC,-73.87061330159061,40.782747247810185,-74.00426840643439,40.72136892724791,1
fake_key,40.6508724324529,2012-12-20 05:12:44 UTC,-74.15097645309744,40.79560384681629,-73.99036692265206,40.74614493320498,1
fake_key,43.87216643891663,2012-05-17 10:05:02 UTC,-74.14217304119877,40.74490688558623,-74.00828135003712,40.72649386765198,1
fake_key,16.95731122894321,2011-08-01 17:08:56 UTC,-73.99652486519835,40.74584087608076,-74.15040319387975,40.79829723420683,3
fake_key,14.775415465854614,2012-02-21 09:02:52 UTC,-73.91279395078577,40.70634626261317,-73.9946474066689,40.79115509454957,2
fake_key,24.98909822447647,2010-10-30 17:10:43 UTC,-73.82867476260319,40.750063321881115,-74.06080798470651,40.76665478037644,3
fake_key,6.307603473993104,2010-10-12 01:10:10 UTC,-74.17607681147959,40.7759260439323,-73.9537618001913,40.72343055091995,2
fake_key,16.011004944712028,2012-09-04 19:09:10 UTC,-74.04989392420838,40.77984173147262,-73.92666029356653,40.725138927008864,4
fake_key,12.289773658311976,2013-10-24 17:10:10 UTC,-73.80894725805594,40.72516608459279,-74.00790806302103,40.70843537388744,2
fake_key,8.841378321135196,2010-08-01 18:08:06 UTC,-74.18615517834417,40.73311499806732,-73.90627875730453,40.70691247666188,3
fake_key,41.0568486153508,2011-12-14 17:12:11 UTC,-73.96251703092943,40.70242532634797,-74.09794352673978,40.70589857865745,2
fake_key,36.507230765141834,2011-10-09 05:10:23 UTC,-74.01904596428281,40.764252640603345,-74.1515543205369,40.78156077220722,1
fake_key,38.51973226929487,2011-01-08 18:01:46 UTC,-73.83311976777543,40.70421322258948,-73.99726989958693,40.739267733201004,3
fake_key,35.17595283760923,2012-02-22 05:02:10 UTC,-73.94550855044024,40.73797814144461,-74.02691596819912,40.78211366308724,3
fake_key,23.591146854487377,2014-04-22 04:04:52 UTC,-73.91645869493816,40.74331283262964,-74.09451020133517,40.75162072008057,4
fake_key,8.474606400763275,2014-07-27 21:07:44 UTC,-73.83425120538584,40.76161089695925,-73.89852429770083,40.754767181684535,2
fake_key,6.077013296654709,2010-05-20 11:05:36 UTC,-74.00603626293912,40.70787124950066,-74.00516553231189,40.798816692216164,1
fake_key,5.948218059091241,2014-01-01 12:01:48 UTC,-74.12332507314628,40.75092848881447,-74.15415731814267,40.78646059556896,4
fake_key,16.04099280990745,2011-07-26 16:07:14 UTC,-73.96917016853894,40.72826885595193,-74.06223710929446,40.7416176182832,1
fake_key,43.185547692180634,2010-11-02 09:11:39 UTC,-74.0815850463507,40.79590113698734,-73.86299459974998,40.76194198339392,1
fake_key,36.8821827402723,2013-09-30 08:09:20 UTC,-74.11072739797956,40.76400258694169,-73.86181291505473,40.72317692121487,2
fake_key,36.653902404417565,2012-08-23 01:08:45 UTC,-73.85354193081977,40.73754873025689,-73.91606243164063,40.76127633543892,2
fake_key,27.076140958048676,2013-04-01 06:04:15 UTC,-73.90433676314998,40.77434569666267,-73.83369545575381,40.717976090777334,3
fake_key,10.247786417986664,2013-11-21 01:11:00 UTC,-74.17330891630466,40.78860312792933,-73.86653085858157,40.74938282446889,1
fake_key,14.844138122528182,2014-11-20 01:11:09 UTC,-74.12945384033895,40.72827633903832,-74.05204538521849,40.70633908135616,3
fake_key,36.413085952905604,2014-07-26 03:07:26 UTC,-73.967415258329,40.76154939646953,-73.97430162759606,40.785137484732225,3
fake_key,28.532256898984002,2010-12-09 09:12:05 UTC,-73.83189993382439,40.77892882762336,-73.91808782124875,40.763110392528105,3
fake_key,7.674626687487098,2011-10-27 10:10:00 UTC,-73.98784815739762,40.75441020891466,-73.85010682416934,40.707668267453855,2
fake_key,39.47483546155069,2014-10-21 15:10:16 UTC,-73.9513415492183,40.73186942401067,-73.96115357222715,40.73531369536057,4
fake_key,15.388840556483563,2011-05-08 14:05:48 UTC,-74.18606038873182,40.753492654304324,-74.12153176815302,40.72622357853968,3
fake_key,26.25693498803983,2010-07-23 03:07:38 UTC,-74.13386428696981,40.759937788248834,-74.19146102414597,40.72468027704326,3
fake_key,12.203487978810573,2010-02-26 07:02:11 UTC,-74.13532090274131,40.78880107441338,-73.96692935270946,40.773901792894016,1
fake_key,42.026792120516966,2012-01-07 12:01:24 UTC,-73.91728874534407,40.790744915998964,-74.00849380916179,40.78913095062535,3
fake_key,41.00233033227334,2012-01-25 13:01:35 UTC,-74.14185991169201,40.77539046786398,-73.96665882141711,40.7921637456739,1
fake_key,29.078232685479367,2010-02-11 02:02:58 UTC,-73.99212632436212,40.74793456066311,-74.09554049243057,40.763314034139626,4
fake_key,42.147864984669106,2012-04-11 20:04:06 UTC,-74.03303883059442,40.728090393260345,-73.93793119486092,40.73394717626811,3
fake_key,36.52178136533111,2012-11-25 20:11:44 UTC,-74.18378915764347,40.793150361981894,-73.82975221435615,40.704278799616745,1
fake_key,33.76416914879451,2012-10-08 07:10:13 UTC,-73.96262686742703,40.72868734842828,-74.16098687389673,40.70923985814231,4
fake_key,10.533727668894853,2014-01-19 22:01:19 UTC,-74.12154042949915,40.714966253240185,-73.90859292242881,40.7470596224795,2
fake_key,19.0312849482724,2011-12-11 23:12:32 UTC,-74.08547302370947,40.76492238781413,-74.14750722021488,40.737104975102845,2
fake_key,41.13141899384282,2011-05-02 08:05:02 UTC,-74.02938182264033,40.73794084133158,-74.17315465714874,40.78970983213815,4
fake_key,39.21186396377531,2010-07-22 15:07:52 UTC,-74.0470530725458,40.78553530445535,-73.94792049910116,40.70760302302845,3
fake_key,15.40291521792582,2012-02-03 01:02:30 UTC,-74.16353037748041,40.73239002289099,-74.16877575491678,40.79633597818163,4
fake_key,45.54338671132507,2010-03-13 07:03:41 UTC,-73.9771469091155,40.78141681799631,-73.9797316847317,40.75504961964817,4
fake_key,16.39494625393405,2014-08-13 07:08:47 UTC,-73.86536181474348,40.75040444966762,-73.83063128269262,40.720771371942845,4
fake_key,49.65451658121135,2012-09-23 21:09:05 UTC,-73.88521824459264,40.787213563868804,-74.06489162945553,40.73469924141898,2
fake_key,42.67637854212927,2013-06-22 05:06:26 UTC,-74.07876307759508,40.70668685466163,-73.89466170142386,40.74502064761298,3
fake_key,13.674725724088562,2014-09-30 12:09:29 UTC,-73.80301071253591,40.7010225089722,-73.802661499746,40.7965387508135,2
fake_key,7.259802571601619,2011-10-24 16:10:39 UTC,-73.80788886745981,40.70076634006321,-74.11510931384356,40.74394714445212,1
fake_key,22.78981015399635,2012-07-07 08:07:44 UTC,-73.85946726880383,40.725410853158934,-73.83965193629855,40.74625709091973,4
fake_key,20.14591167019349,2011-02-23 01:02:05 UTC,-73.949163784804,40.7314473209896,-73.9965834327448,40.751022095085794,3
fake_key,5.768233781576466,2010-01-26 05:01:14 UTC,-73.9434042961486,40.74182088543917,-73.93159027315778,40.71295999312399,4
fake_key,23.837451811166712,2012-12-30 04:12:09 UTC,-73.89765827956232,40.78781914586589,-73.87377485222412,40.73162997837497,3
fake_key,36.5865159290007,2012-04-23 19:04:36 UTC,-74.14803794774646,40.71633431192271,-73.84255209212814,40.76628761324109,3
fake_key,43.241174388926936,2012-03-16 07:03:56 UTC,-74.02544390269621,40.73914326783488,-74.16772839412455,40.708781441977635,1
fake_key,45.47911113123743,2014-04-23 15:04:27 UTC,-74.01044166060801,40.70305642167205,-74.15446598435553,40.74238936876648,2
fake_key,33.38780063843532,2010-01-18 09:01:58 UTC,-73.81294273488503,40.76147775855375,-73.82662086997313,40.72232413464366,4
fake_key,35.2364157698097,2012-08-11 02:08:10 UTC,-73.86497435763204,40.73987411564223,-73.87567395956891,40.77761508311646,3
fake_key,48.70730304030424,2010-10-08 12:10:20 UTC,-73.86109428852268,40.74164058214296,-74.15329742410613,40.78684356154346,4
fake_key,26.625618018343975,2012-05-24 20:05:27 UTC,-73.96377397873404,40.72593555096084,-73.9580499851054,40.72801731269928,4
fake_key,36.45996159490283,2010-03-21 11:03:52 UTC,-74.13638609346026,40.701527928828675,-73.99723890618571,40.773032559435904,1
fake_key,21.638751899517626,2010-10-04 06:10:30 UTC,-74.01242597960471,40.792520041205194,-74.12721535449951,40.76803930029181,4
fake_key,7.714392056093114,2010-05-28 11:05:19 UTC,-73.82433980424311,40.77687424416673,-73.8675656949854,40.76004070226798,4
fake_key,31.198854318443047,2011-03-14 12:03:05 UTC,-74.14024155494396,40.720496943128495,-74.0435231978324,40.733691906237624,3
fake_key,6.08100890651615,2010-01-12 20:01:17 UTC,-74.02742324488055,40.79416150775574,-73.86719147000896,40.768482924296165,2
fake_key,44.12395918785887,2014-11-08 11:11:59 UTC,-73.98119971218219,40.73258285974893,-74.05641271469042,40.70239288991117,2
fake_key,41.786304828786236,2012-11-29 19:11:46 UTC,-73.90113666997387,40.7536044086435,-73.84455760638173,40.78101184544099,4
fake_key,43.675679163963096,2012-10-19 15:10:40 UTC,-74.16046859727155,40.78299656892269,-73.91645790335743,40.76014020243941,1
fake_key,29.3018894193244,2010-03-31 08:03:21 UTC,-73.85748549421022,40.74224009575513,-73.80735983842125,40.778924486743335,3
fake_key,47.88692379127612,2013-04-21 00:04:36 UTC,-74.07364829166481,40.72894126405252,-73.82947238633855,40.714184540686645,1
fake_key,41.70478912847653,2014-11-27 22:11:26 UTC,-73.97563114996038,40.78018160407535,-74.06363730405242,40.7341752740897,4
fake_key,46.115722863518954,2010-05-26 20:05:31 UTC,-73.83057133187928,40.79753049701281,-74.16536528157538,40.70744178950008,1
fake_key,24.801920587059467,2013-07-02 01:07:58 UTC,-73.95117589259128,40.73922461255356,-73.80806991461908,40.75584512048933,2
fake_key,8.533142317608274,2010-07-22 03:07:27 UTC,-73.82880112110357,40.70936065340507,-73.86544593912892,40.74029585623234,3
fake_key,35.77535042122947,2013-05-08 10:05:42 UTC,-73.84470286645956,40.752868181271054,-73.91494469167921,40.77964397024885,4
fake_key,12.712277854375603,2013-07-04 02:07:28 UTC,-73.99004232353714,40.79325766732191,-74.14363987707227,40.74787572023133,1
fake_key,32.54150773338277,2012-02-10 14:02:33 UTC,-74.1505495719553,40.71713406757392,-73.98139590503084,40.757127490534195,1
fake_key,7.333381503796282,2012-07-04 14:07:57 UTC,-74.07763961618066,40.76349240795547,-74.15774681559517,40.7473507643693,1
fake_key,29.241643267609284,2012-12-13 17:12:59 UTC,-73.82730578293294,40.73788124294611,-74.0418421217618,40.72101027488661,3
fake_key,31.619167305901062,2012-11-19 12:11:48 UTC,-74.03301820497227,40.711153143563244,-73.92657760488348,40.73034629817568,3
fake_key,33.09185027662123,2012-11-01 19:11:21 UTC,-74.08041133136733,40.79493804745429,-73.86120993876611,40.737428464078086,2
fake_key,25.06865890995145,2011-04-08 01:04:28 UTC,-73.9395862692936,40.76148798908641,-73.81176648571693,40.70930643711991,4
fake_key,26.21714994287637,2014-08-19 07:08:20 UTC,-74.09504830098277,40.75531976673554,-74.0494465645377,40.7448015299979,3
fake_key,4.983916110985701,2013-05-08 16:05:36 UTC,-73.83624361391573,40.76984060175159,-74.028682720005,40.72091828852463,1
fake_key,33.11989318061897,2012-11-27 15:11:11 UTC,-73.84834070142095,40.73235279025577,-74.07942781629258,40.745347539662134,2
fake_key,9.15891214134844,2011-04-29 09:04:42 UTC,-74.02673644234412,40.7252639629146,-73.94987197419762,40.73931943257756,2
fake_key,36.71781558211674,2012-09-12 02:09:13 UTC,-73.98651367272218,40.72609300042012,-74.18250084407752,40.781345039353205,1
fake_key,4.855997818706856,2010-01-11 09:01:26 UTC,-73.84130351752265,40.76953608542063,-74.03446199961198,40.736249805408036,2
fake_key,42.561117558709185,2011-07-18 14:07:07 UTC,-73.94905538520165,40.742301462966815,-73.93011533171645,40.78545673125884,1
fake_key,44.357278500625455,2011-08-09 03:08:02 UTC,-74.10886143238066,40.709714515850145,-73.90375325618888,40.71966330761005,2
fake_key,29.631215306821137,2012-03-31 11:03:18 UTC,-73.99381763024707,40.73468967770464,-73.94833730923072,40.70699887537817,2
fake_key,34.97387760770607,2014-08-04 00:08:18 UTC,-74.02516798199119,40.73341945325406,-74.16314235272169,40.75753439894925,1
fake_key,12.706855233135899,2013-09-02 23:09:52 UTC,-74.01303298072254,40.76157154011841,-73.96479706932124,40.778471198206695,2
fake_key,25.741597274319272,2013-06-28 22:06:34 UTC,-73.94947666325847,40.703670572745416,-73.8713320766637,40.71349384094134,4
fake_key,19.700374081982773,2014-08-17 05:08:44 UTC,-73.90630133310657,40.730479827956714,-73.97742985837333,40.756634508739,4
fake_key,48.023046320888334,2010-10-22 23:10:10 UTC,-73.91427997815583,40.75295346052227,-74.15181758607781,40.79799625162834,4
fake_key,35.93505863950476,2012-03-27 12:03:51 UTC,-74.1763248455635,40.75890764316541,-73.85719176761926,40.72509987702907,1
fake_key,34.420233549569915,2013-10-21 08:10:57 UTC,-74.19656163860522,40.703662926950386,-73.81547157949483,40.767655961789195,4
fake_key,48.25598192875887,2010-12-23 14:12:07 UTC,-74.04607575861519,40.7721076978457,-73.81688133428625,40.70275487122253,1
fake_key,23.609583070138324,2014-06-24 16:06:35 UTC,-74.06782488221697,40.72792913089226,-74.00143808402164,40.77445300909709,2
fake_key,28.179236578714264,2011-05-26 11:05:14 UTC,-74.10841648654672,40.76558143941035,-73.81380854883623,40.76983538961617,4
fake_key,40.83564767879714,2013-12-05 20:12:36 UTC,-74.02985976425937,40.74949630683611,-74.00358665481097,40.73090444322512,3
fake_key,32.555093737182034,2012-09-09 15:09:54 UTC,-74.02238903233179,40.7044215858816,-74.13853871136307,40.748757215327394,4
fake_key,8.751577637568,2014-09-18 23:09:35 UTC,-73.96479807357883,40.70235708261776,-74.19469801574867,40.787260941116976,3
fake_key,18.121145614757424,2013-12-02 10:12:49 UTC,-73.81959739389929,40.78927335845691,-73.92796181546929,40.78386496373902,4
fake_key,38.36283547242142,2010-03-11 10:03:28 UTC,-73.97646416651484,40.74371590742249,-73.80551584733993,40.766879487701466,2
fake_key,31.936587322959713,2010-10-12 00:10:26 UTC,-73.96387842229605,40.7256584202994,-73.92524535658706,40.70618700088889,4
fake_key,33.70938849871803,2014-04-25 02:04:49 UTC,-74.10121974718261,40.73834695140513,-74.04583666734992,40.77063853142527,4
fake_key,7.348900483740549,2014-12-23 21:12:47 UTC,-73.88302073162264,40.7017115966399,-74.12766774719265,40.734843337406986,2
fake_key,14.043932579742604,2011-02-23 19:02:25 UTC,-73.97972378975415,40.70022287367898,-73.82958215174489,40.76841759876102,4
fake_key,30.585558991459585,2013-08-07 11:08:53 UTC,-74.05142085724533,40.710176165939245,-74.06801281780288,40.798144382922466,4
fake_key,45.690205617582286,2013-07-06 04:07:34 UTC,-74.19907690090542,40.734653718454126,-74.08894543535627,40.76888446173712,1
fake_key,3.2338002600925018,2010-07-03 18:07:33 UTC,-74.17951233232743,40.79849279477742,-73.86220550388072,40.791574862768584,3
fake_key,14.588996013575318,2012-11-07 14:11:24 UTC,-74.00946602564242,40.7042147361611,-74.14336500326115,40.756102068116334,4
fake_key,26.2846048637337,2012-11-04 12:11:27 UTC,-74.18854636905846,40.78625905932373,-73.81451070938364,40.737567877707,3
fake_key,41.998126747013345,2011-08-29 12:08:25 UTC,-73.98930306693516,40.754778380272874,-73.92067701173626,40.74339882247679,1
fake_key,35.635518443849534,2013-05-30 23:05:18 UTC,-73.90243535083115,40.74579461309848,-74.18643601878661,40.78933391413674,3
fake_key,3.4722925768970083,2010-03-08 15:03:47 UTC,-73.87624949230413,40.76703080879978,-74.06336652019787,40.745570056763285,2
fake_key,42.16545361763205,2012-07-10 02:07:03 UTC,-74.09653024424163,40.75588033494632,-73.86881855437163,40.71331229840903,4
fake_key,46.23739237114298,2012-10-19 02:10:34 UTC,-73.89088558184217,40.71674213570225,-74.00196418633354,40.79532270447769,1
fake_key,49.28983669478392,2012-01-25 01:01:41 UTC,-73.90561001512839,40.7846225848082,-73.96206352595138,40.77874787300556,3
fake_key,3.094751358729056,2014-03-30 08:03:25 UTC,-74.10000471534195,40.749124852937356,-73.82185491947716,40.79420229604596,2
fake_key,16.652405198848133,2010-03-30 10:03:11 UTC,-73.84716491827102,40.72624718912321,-73.80537007260703,40.79489570808815,2
fake_key,8.59988349839042,2013-07-14 06:07:26 UTC,-73.93426974610628,40.72898219242193,-73.94371177211869,40.753300306845134,2
fake_key,21.564274502093088,2013-04-03 09:04:00 UTC,-74.19799967538383,40.798781120171746,-73.98934521062176,40.788278244017086,2
fake_key,35.751780112384225,2013-03-07 10:03:06 UTC,-73.81123910090854,40.70783173413334,-74.09303761523925,40.72549333999859,3
fake_key,37.32164943189003,2014-10-29 06:10:16 UTC,-74.06231046004854,40.70661612377802,-74.08943482588207,40.70635445500176,4
fake_key,40.597654216680205,2014-05-21 13:05:04 UTC,-74.07294418758343,40.79830196164644,-74.19080791985664,40.736247425009175,3
fake_key,13.905363631939965,2013-07-26 17:07:02 UTC,-74.06236843481373,40.76427691793839,-73.85231527627012,40.77403928559977,3
fake_key,32.13707996616851,2010-07-30 19:07:53 UTC,-73.87327641962067,40.75576634685741,-73.89963346129556,40.750170860425605,2
fake_key,43.27725340176993,2014-04-16 15:04:20 UTC,-74.08292140871067,40.71081720259004,-74.02945161155621,40.713488748767006,1
fake_key,6.252946186532739,2013-04-11 06:04:48 UTC,-74.06406040419374,40.74066317335026,-73.94132874736626,40.71151531521713,1
fake_key,41.66021629360812,2012-02-12 10:02:48 UTC,-74.02734748802222,40.77577189410556,-73.92397241621465,40.767109111397026,3
fake_key,49.907311684871324,2014-03-02 05:03:37 UTC,-74.09297890609575,40.772617009424884,-74.1973244179365,40.75536370550644,1
fake_key,24.509053935124214,2010-05-02 22:05:10 UTC,-73.83872816218222,40.761215900008196,-74.02915630737043,40.798253028186636,3
fake_key,40.55994110576251,2012-09-10 20:09:12 UTC,-74.02098814858412,40.7139348331592,-74.02713837910122,40.72638222846059,3
fake_key,23.982780409498158,2014-07-16 10:07:10 UTC,-73.84921523329258,40.71866306690339,-74.10509573080674,40.74601203327254,2
fake_key,26.037401632456238,2014-09-28 11:09:08 UTC,-73.90926862857793,40.77043068642192,-74.14329056575573,40.77635102552782,2
fake_key,14.279111131507358,2010-01-08 03:01:42 UTC,-74.01561599570643,40.78275035292363,-74.09079504300773,40.77523665409892,2
fake_key,24.10760970817872,2010-12-27 19:12:36 UTC,-74.085551044412,40.78614239808647,-73.9316641000746,40.77457288998521,4
fake_key,38.44224651180471,2010-05-12 00:05:22 UTC,-73.97825313144321,40.79779416061221,-74.12067621410031,40.744669555597206,4
fake_key,12.69980363242601,2012-04-09 14:04:44 UTC,-73.90274168554853,40.740926280968246,-74.07616537872313,40.70515998851982,4
fake_key,21.34273677565982,2012-01-14 04:01:13 UTC,-73.80060864709176,40.727728296947454,-74.04622584990727,40.76576754328541,2
fake_key,40.63518336535046,2010-10-21 03:10:41 UTC,-74.10317316815186,40.77294291625853,-74.03978325772141,40.75341463214102,4
fake_key,27.308731338619083,2014-05-24 13:05:23 UTC,-74.16571297580354,40.77774434293383,-73.90134201691714,40.74668409600254,3
fake_key,48.57950062710963,2014-05-15 17:05:38 UTC,-74.18084363164846,40.78678950948226,-73.88330364564112,40.722568740330715,1
fake_key,33.215274102074034,2012-06-09 01:06:31 UTC,-74.09659388829505,40.76049104224961,-74.18377224653923,40.79734097634412,4
fake_key,37.49968685092076,2012-11-29 22:11:53 UTC,-73.99874348813957,40.73313726996282,-73.99556351631921,40.78696083083411,1
fake_key,8.850639504594241,2011-03-06 04:03:38 UTC,-73.99854009095851,40.74740085480605,-74.13638857852223,40.70600538502406,3
fake_key,47.93603718990414,2011-04-12 00:04:35 UTC,-73.94593700222906,40.72020603077869,-74.19391382800387,40.72460702689363,1
fake_key,4.309428364474021,2012-04-18 05:04:43 UTC,-73.98620023064119,40.727517561218725,-74.18319033068612,40.77344084481898,1
fake_key,30.58184810619733,2010-09-24 15:09:36 UTC,-74.19568382791681,40.72321667554848,-73.89521357212628,40.766127903827744,1
fake_key,12.79606668687098,2014-08-28 02:08:30 UTC,-74.07631820356866,40.769568073389486,-73.97182934589802,40.76039666030094,2
fake_key,15.450421841455118,2011-11-16 21:11:06 UTC,-73.83605470134046,40.74700387863759,-74.02271040669609,40.70348882809581,2
fake_key,8.766655554521668,2012-10-10 02:10:22 UTC,-73.85165091392535,40.76513504398025,-73.97347726002411,40.72273941952837,4
fake_key,8.403084687457167,2011-04-23 20:04:35 UTC,-73.86202480033351,40.769086548377686,-73.96416416533825,40.72544242403323,3
fake_key,37.80887006217911,2012-03-29 20:03:08 UTC,-73.96385795903676,40.77252875268777,-74.03607393184238,40.75479941463468,4
fake_key,30.92961671583664,2011-05-30 16:05:32 UTC,-74.10509578385026,40.75393460072331,-74.00237595480058,40.75644477376436,1
fake_key,5.540763007180363,2013-05-06 18:05:58 UTC,-73.89811243285666,40.74367441712223,-73.80393681290927,40.7729943787703,1
fake_key,23.079302699317683,2014-02-04 22:02:00 UTC,-73.87735250338665,40.727343645994246,-73.84210773415585,40.735981515731204,3
fake_key,33.3695051962173,2013-05-31 21:05:25 UTC,-73.92314689315269,40.79574287883399,-73.88761928900277,40.71944995587153,4
fake_key,8.46515508663743,2012-08-24 18:08:22 UTC,-74.02990731212105,40.75826106667288,-74.04044249276755,40.72563738627081,3
fake_key,9.046714738282311,2012-09-29 19:09:41 UTC,-74.09760313157477,40.713393988780815,-73.82011745021777,40.73586243573306,1
fake_key,37.772067864278505,2010-07-29 12:07:54 UTC,-73.87419177140896,40.7542705778687,-74.13191857163314,40.77647519136494,3
fake_key,39.743547985003325,2010-09-07 00:09:13 UTC,-73.92780837812398,40.721059151136586,-73.8142163964581,40.728446857801416,1
fake_key,16.597549718383124,2012-06-21 07:06:13 UTC,-74.14782575735317,40.796715164009626,-74.14208801873332,40.734874467391165,3
fake_key,16.199972562713242,2011-03-18 03:03:16 UTC,-74.114732459246,40.796527767816166,-74.10681237293782,40.7892658232542,1
fake_key,28.154385958172924,2011-08-02 08:08:16 UTC,-74.1123542690234,40.79323470550887,-74.1221778947881,40.72403624417214,2
fake_key,16.69777141798579,2010-10-09 19:10:22 UTC,-74.19025568277395,40.765228406277295,-74.12411024984402,40.73309250820541,3
fake_key,7.7663141888701634,2014-04-12 20:04:19 UTC,-74.1334329162281,40.764810882346154,-73.83581242994026,40.74238559735266,1
fake_key,30.09662872755176,2012-08-03 16:08:57 UTC,-73.81986269400808,40.74714932708427,-74.16871070450523,40.73103052656677,4
fake_key,47.625143429457,2013-09-19 20:09:13 UTC,-74.05137206194036,40.76034693869713,-73.99086871369617,40.759498996757024,3
fake_key,6.860022756036086,2010-11-19 15:11:20 UTC,-74.17937473552185,40.78934746810543,-73.94456092872797,40.77102027895785,2
fake_key,35.25699472631377,2011-04-11 10:04:11 UTC,-73.83792736465882,40.79208932883293,-74.02124169772661,40.717153262911545,3
fake_key,25.839770286182127,2014-07-15 21:07:06 UTC,-73.81952195807676,40.7439111672969,-73.91342445443925,40.781983318250646,3
fake_key,8.719953559912941,2014-08-30 17:08:49 UTC,-74.0861409699873,40.715069671001956,-74.063836452649,40.708341687599614,3
fake_key,14.86900939925861,2013-04-22 14:04:26 UTC,-74.12767877651036,40.72779407186729,-73.90076053585629,40.72016538958081,4
fake_key,47.64113155678627,2012-05-11 09:05:21 UTC,-73.99971351389566,40.78868400643995,-74.1056636269673,40.799987590946394,3
fake_key,47.00261206923733,2011-05-04 06:05:48 UTC,-73.85876764753914,40.781805555264974,-74.16833939573921,40.75386985948807,1
fake_key,21.61778291767343,2012-06-05 17:06:46 UTC,-73.82151585005563,40.71758253757554,-73.95872505242106,40.721750821048346,2
fake_key,19.066047793110577,2013-05-17 07:05:52 UTC,-73.82549094128565,40.74627779191232,-73.80185106237754,40.71299577971199,4
fake_key,4.047225137246549,2011-02-21 07:02:04 UTC,-73.94570794148873,40.7394957953906,-73.968696235974,40.7314793376845,3
fake_key,36.939120658115684,2013-02-11 06:02:50 UTC,-73.98197300810742,40.71741867873428,-74.103785233826,40.79714052522051,3
fake_key,35.82149952187934,2012-05-22 04:05:24 UTC,-73.95671736742477,40.76326884178655,-73.89541143301345,40.74960336987988,1
fake_key,36.6215184745746,2010-08-19 22:08:58 UTC,-74.18076846055048,40.74163868146085,-74.06414565842074,40.79910276423776,1
fake_key,42.763550063925166,2011-03-13 22:03:42 UTC,-74.04305961066653,40.77386294862109,-74.04001793299088,40.73098629999172,4
fake_key,18.550540768605412,2011-09-19 15:09:10 UTC,-73.96044594824751,40.755250587619805,-74.04619445333564,40.7890854532993,4
fake_key,25.236795516917482,2010-10-31 02:10:50 UTC,-74.01337369483788,40.790065165642105,-73.90782862878582,40.73457873424328,3
fake_key,20.485546267506532,2014-10-11 13:10:25 UTC,-74.16181167424848,40.73815775203507,-73.85416934354114,40.77540967539176,2
fake_key,40.63635455090395,2011-04-29 17:04:42 UTC,-74.08705070430194,40.7926587568255,-74.17361044947367,40.743039110725974,2
fake_key,26.324634805298796,2011-10-13 03:10:04 UTC,-74.032247970299,40.711444084724775,-73.96711498385373,40.73164965554586,1
fake_key,30.112856966217688,2014-10-08 21:10:14 UTC,-73.95740919515492,40.708365380018,-74.05185091544544,40.74275513975775,2
fake_key,29.671135323026533,2013-05-21 01:05:54 UTC,-74.0976129359725,40.749887567668026,-73.82210248841999,40.75989608152707,2
fake_key,17.134125389158065,2011-09-08 09:09:02 UTC,-73.96387480181912,40.760185487026746,-73.80240750974542,40.77759742558322,3
fake_key,42.3867226287858,2010-01-06 07:01:42 UTC,-73.98704709251949,40.76461914129805,-73.91827874525679,40.7036520133063,1
fake_key,5.003797983311479,2014-04-07 02:04:34 UTC,-74.17068572643227,40.762241060094716,-74.03224336890736,40.73056169144808,3
fake_key,10.729360694914575,2014-04-09 06:04:31 UTC,-74.11055681407176,40.72365247948225,-74.05635449342209,40.72581977810906,2
fake_key,37.555239509827445,2013-10-15 02:10:16 UTC,-74.1222322521983,40.770264455630134,-74.08986736047531,40.76959134863719,2
fake_key,39.435048529580364,2010-08-22 13:08:20 UTC,-73.89618557501569,40.71207124775457,-74.16492448244445,40.74493868598678,3
fake_key,39.358702444166575,2014-06-26 22:06:44 UTC,-74.18847648958607,40.703540764491265,-74.158920603691,40.78219310100112,2
fake_key,25.18652533471767,2013-10-18 02:10:14 UTC,-73.99764758607259,40.79014102870302,-73.81228408567529,40.72632268147305,4
fake_key,32.1203296163991,2012-10-07 12:10:45 UTC,-74.0535836763572,40.783034255875776,-74.0447987122846,40.708620711574106,3
fake_key,48.60091752966734,2011-07-09 12:07:16 UTC,-74.07244659292486,40.77924059894043,-73.8394358666124,40.7808257797718,2
fake_key,26.07531200186273,2011-05-05 07:05:53 UTC,-73.89153864781512,40.71000178178141,-74.09072927974273,40.73536498467935,2
fake_key,35.24040208085895,2012-12-27 07:12:36 UTC,-74.0885233409265,40.769441882583415,-74.10747064769151,40.74072131622416,4
fake_key,36.129808381165404,2011-07-31 17:07:35 UTC,-74.10659292790349,40.76132946292454,-74.04783253329495,40.783597617622426,2
fake_key,19.90584648958243,2010-10-22 11:10:56 UTC,-73.92398631639053,40.760618876263784,-73.97596205673175,40.706234845993684,3
fake_key,33.60419412011477,2013-07-31 13:07:06 UTC,-74.07920537858737,40.743529379658455,-73.98835674954587,40.75939748537729,4
fake_key,48.36688672272025,2011-06-07 04:06:51 UTC,-73.87634998980218,40.706004096162935,-73.9653585727995,40.79939451608639,4
fake_key,36.13466315713405,2011-09-22 02:09:50 UTC,-74.19848378241086,40.739416487341344,-74.07771570780012,40.71285619277928,1
fake_key,23.370461287980827,2010-08-02 13:08:29 UTC,-74.1714375231249,40.74268171496883,-73.95609104401595,40.70402220993606,1
fake_key,29.248956150878627,2010-09-25 11:09:24 UTC,-74.07458993533771,40.707244043359694,-74.03595454526452,40.797015514058074,1
fake_key,11.497509716486329,2011-12-01 23:12:48 UTC,-73.93336185491194,40.746892536031126,-74.13173985365813,40.72746037877493,1
fake_key,24.067584834423236,2013-03-12 19:03:36 UTC,-73.92258238079928,40.77779105531355,-74.14432581508453,40.70744056858376,3
fake_key,27.47053855243097,2012-03-14 01:03:05 UTC,-74.08233541571322,40.75372940203272,-74.02781542429747,40.7019733928887,3
fake_key,40.879165975997516,2014-06-17 10:06:28 UTC,-74.17058505523208,40.71278046772045,-74.19024156154788,40.74476968453958,4
fake_key,44.529628719826434,2011-06-23 06:06:44 UTC,-74.12848455977259,40.71009426306252,-74.03156068325603,40.704562683406834,1
fake_key,12.012744209542197,2011-10-09 07:10:51 UTC,-73.9033728935033,40.77389097786139,-74.19242674800262,40.71357963391079,1
fake_key,36.344498109069455,2014-10-28 00:10:30 UTC,-73.99606980659404,40.770168760730954,-74.12892694929268,40.74283417794866,4
fake_key,13.15216034307276,2011-06-26 17:06:26 UTC,-73.81321454390972,40.771189659803305,-73.8720547541753,40.70479583730197,4
fake_key,8.99982899778163,2012-05-08 17:05:49 UTC,-73.95923310435853,40.78233152636099,-74.03445031503044,40.765309601280755,4
fake_key,13.531328733387003,2012-04-30 08:04:35 UTC,-74.12295178061652,40.79794904447015,-73.88983629777533,40.78975049471806,2
fake_key,14.18818195660239,2014-07-30 13:07:52 UTC,-73.89042030245807,40.7696224430671,-73.90105796020863,40.75548042419511,4
fake_key,21.430329959316417,2013-03-02 01:03:43 UTC,-73.94347078931887,40.7745526151601,-73.90685804676191,40.7836536912699,4
fake_key,30.208619575789328,2011-04-04 10:04:27 UTC,-74.02394913411169,40.77370485460462,-74.00938925013752,40.77888572902456,3
fake_key,23.51537288366237,2010-02-24 15:02:58 UTC,-73.94858394406839,40.79679793755362,-74.10933789598513,40.77881120866294,4
fake_key,32.60599548976176,2010-12-11 01:12:00 UTC,-74.17934325681303,40.79515179081134,-74.1229866367004,40.78328435069504,4
fake_key,18.84130751937405,2012-07-06 22:07:19 UTC,-74.09932260313217,40.71649289713098,-73.94718712990009,40.76781845905306,2
fake_key,48.53534642591701,2012-11-13 11:11:49 UTC,-73.89732087334222,40.78279441205605,-73.97941898114443,40.77438888071456,1
fake_key,42.01080869057519,2014-07-22 19:07:46 UTC,-73.90647074153341,40.71313092425234,-74.19426976821465,40.7215835242794,4
fake_key,7.091686243408195,2011-04-13 02:04:09 UTC,-73.82681180772295,40.71436235156306,-74.13873360912812,40.792327889415645,2
fake_key,9.522164613437596,2012-01-15 21:01:32 UTC,-73.95491260516206,40.77684072975014,-73.87781966611432,40.755733910707065,4
fake_key,49.20173225925529,2011-05-29 10:05:10 UTC,-73.94081600163437,40.73085179936413,-73.8363671932357,40.770868567954906,3
fake_key,6.083532534091159,2010-05-29 02:05:48 UTC,-74.14323461166818,40.72365306227079,-73.93842012497929,40.74870886418012,1
fake_key,41.024264973443664,2010-07-24 05:07:43 UTC,-74.09448618805312,40.7986852432493,-73.87554284182944,40.73072831362094,3
fake_key,49.05835902563592,2014-12-30 01:12:22 UTC,-74.12648176622324,40.70792767159564,-73.81151322700075,40.71448271495036,1
fake_key,41.797352027896984,2013-08-04 19:08:52 UTC,-73.84342382547628,40.706385307907375,-74.14662962587784,40.79528015127233,1
fake_key,29.375444034078477,2011-06-15 09:06:16 UTC,-74.05274687085742,40.71418663178371,-74.04228139297507,40.71468478770258,2
fake_key,40.80686161951941,2011-10-25 06:10:41 UTC,-74.16497488433096,40.74441343255309,-73.82449926207984,40.711237729357904,4
fake_key,27.895220235753836,2010-08-28 11:08:02 UTC,-74.18327882357221,40.77439450746388,-73.87317399497289,40.77511397462695,1
fake_key,26.14163686714445,2010-06-24 16:06:51 UTC,-73.99687629958207,40.78042934560461,-73.98975110333662,40.79255072820409,3
fake_key,13.889224079473387,2012-07-06 04:07:56 UTC,-73.9180215799489,40.795777134177584,-74.17833085680297,40.764167444623844,2
fake_key,41.5668955074079,2013-02-19 11:02:55 UTC,-73.97519018260743,40.78651552331101,-73.99566478218547,40.709871758096604,3
fake_key,42.76405886214208,2014-04-06 13:04:38 UTC,-73.96679657912883,40.73754343175421,-73.9057446324042,40.75860621318309,4
fake_key,5.146760012326112,2013-10-26 07:10:20 UTC,-74.0713105326749,40.7204533171051,-73.8385407514173,40.753831110865285,2
fake_key,14.89998601497099,2010-11-28 20:11:09 UTC,-73.82001266660404,40.72156421469101,-73.95760528386823,40.70045332062073,1
fake_key,44.49746989406693,2013-04-02 05:04:55 UTC,-74.11065912091121,40.789888063172235,-73.9818753021489,40.71583965561513,2
fake_key,45.66321937587922,2013-03-15 16:03:30 UTC,-74.16287193881709,40.70263462136255,-74.07905652722863,40.794939263928185,4
fake_key,36.18680482643857,2013-04-15 17:04:40 UTC,-73.95014114646887,40.75608976865967,-74.08969202896157,40.73730172326621,4
fake_key,36.39625957975875,2014-09-17 15:09:19 UTC,-73.96704525533286,40.70384606279672,-74.16507367346077,40.703779850561325,1
fake_key,27.924179125506008,2011-09-21 15:09:13 UTC,-73.97291692808832,40.759641440725076,-73.91293464520092,40.75581379182491,2
fake_key,10.269633297968486,2013-06-16 03:06:36 UTC,-74.12722928849678,40.757155862957624,-73.93528003682002,40.762694534164005,4
fake_key,5.840428506974616,2012-01-09 18:01:35 UTC,-73.95133820564513,40.76886374364837,-74.02035364146954,40.78000707514977,1
fake_key,13.657149399056943,2012-06-05 01:06:59 UTC,-74.1064740115455,40.78426525761111,-73.98955099488838,40.79870979612788,1
fake_key,49.09012492053541,2012-01-02 10:01:52 UTC,-74.0927434556024,40.785745244869766,-73.86232646840101,40.701149150258885,1
fake_key,7.469887054419437,2011-08-13 22:08:22 UTC,-74.06953562431087,40.78404405091887,-73.90943667792807,40.77497602296392,2
fake_key,45.14980816905204,2011-09-09 01:09:34 UTC,-74.12180549830812,40.74877782239583,-73.96464690674553,40.77080960447524,4
fake_key,20.9887617862821,2010-06-23 05:06:21 UTC,-73.8320086012827,40.73963281988213,-74.04008409903855,40.74005379095223,3
fake_key,30.630980612658128,2012-08-21 01:08:10 UTC,-73.89512725663205,40.70423325088,-73.93179760216519,40.70082111216689,2
fake_key,45.494852325470035,2013-06-11 07:06:49 UTC,-74.1810439492532,40.76746896225405,-74.0523238528455,40.7293596691913,3
fake_key,20.144477627647035,2010-03-09 04:03:14 UTC,-74.16944681053486,40.775851258893425,-73.99702396800637,40.77492286996104,3
fake_key,16.31305859479012,2011-07-08 12:07:45 UTC,-74.09772565033465,40.76157765696012,-73.82669354915781,40.74743167432236,1
fake_key,9.869986058129708,2013-12-28 18:12:32 UTC,-74.03180601396777,40.77629352113285,-73.83252863995189,40.7675395467421,2
fake_key,16.564195809251196,2014-09-24 00:09:43 UTC,-73.96398426601381,40.738723342275534,-74.01898491426245,40.71236973908194,4
fake_key,21.940750981594135,2012-07-14 06:07:32 UTC,-73.97151224935644,40.736377650302074,-74.12074295150389,40.75418450892152,1
fake_key,36.78733295969845,2013-05-10 14:05:02 UTC,-74.03842977762739,40.74921009650889,-73.82059243717507,40.79599050774832,2
fake_key,3.3631993309023986,2010-09-27 22:09:43 UTC,-74.09598721949298,40.7506901785515,-73.92910943229388,40.72960241017748,2
fake_key,16.010324143210212,2014-10-10 14:10:09 UTC,-74.14899051974336,40.77278591851325,-74.02951723940978,40.71821405618712,3
fake_key,42.47858827459486,2013-06-08 12:06:30 UTC,-74.06782494549044,40.72085444980494,-73.80034801757908,40.743166470347305,4
fake_key,22.02401296418317,2013-02-17 18:02:33 UTC,-74.02354545600075,40.7223105599753,-74.17768075632263,40.73073342209724,2
fake_key,28.93878206799656,2013-08-19 02:08:53 UTC,-73.9283666598985,40.73789636170329,-74.06444380321457,40.70716714946496,4
fake_key,39.78990156342328,2013-06-01 00:06:48 UTC,-73.93051250509934,40.746343813281165,-73.86731623625482,40.703285467249835,1
fake_key,25.771524340263657,2010-12-03 00:12:04 UTC,-73.89693292215638,40.76529725127836,-74.02696111215336,40.76476712791531,4
fake_key,15.939675402340782,2013-10-24 17:10:02 UTC,-73.8982133023198,40.7241312641227,-74.05997687946802,40.70743547287186,1
fake_key,21.437873674273686,2012-05-15 18:05:57 UTC,-74.08860697755648,40.78855314180188,-74.0789164355,40.763973060293175,1
fake_key,25.408934953123097,2013-11-25 14:11:59 UTC,-73.97196880735603,40.72655290135625,-74.1800922243298,40.74531743590091,3
fake_key,38.6989662827338,2012-07-09 21:07:22 UTC,-73.97742152580425,40.79650922031857,-73.96436969775229,40.73402994297249,3
fake_key,22.25209602994561,2011-11-20 22:11:13 UTC,-74.0873514267527,40.792948212342544,-74.14144116368897,40.74748037942941,2
fake_key,35.93700718677414,2011-02-01 04:02:29 UTC,-73.82573799650666,40.770978786886715,-74.0557591924288,40.72734641994537,2
fake_key,9.728946843322214,2013-04-16 08:04:17 UTC,-73.97101378775992,40.78667106679714,-74.06373542216879,40.79769555127756,4
fake_key,43.96997523701722,2013-05-25 22:05:13 UTC,-73.84524107220662,40.70596657527494,-74.00373813747363,40.785899939934076,1
fake_key,34.68570679359403,2014-12-14 20:12:31 UTC,-74.17545346001562,40.729751142890066,-73.85187960216707,40.73843989223802,3
fake_key,4.314150683631519,2011-07-25 00:07:57 UTC,-74.17465709072992,40.71051197559125,-74.19124055793925,40.76349257094764,2
fake_key,18.74414049424524,2011-06-04 22:06:16 UTC,-74.05844742076758,40.742521304946685,-74.14578383880449,40.764291331181404,2
fake_key,8.874432610114189,2014-02-05 19:02:16 UTC,-74.19116943062578,40.71491630933828,-74.10550338986245,40.73834697386303,1
fake_key,4.120615974569301,2014-10-17 14:10:24 UTC,-74.17779276366883,40.751473634740094,-74.00899246016307,40.74441499817552,3
fake_key,36.83510417615483,2014-04-03 03:04:17 UTC,-74.11803428028831,40.74833148667539,-73.8051393980562,40.74119064808268,3
fake_key,47.804297010987554,2010-07-24 03:07:25 UTC,-73.96459582477522,40.765274953266356,-73.9219611884071,40.798558264655846,4
fake_key,35.4733194524407,2011-06-18 06:06:06 UTC,-74.18352677222822,40.75736794623352,-74.04162380146391,40.78508788346265,2
fake_key,13.409366420321737,2010-11-01 11:11:45 UTC,-74.05241455134639,40.78579944763532,-73.98447818176501,40.73589021763813,4
